Clade,Median,HPD lower,HPD upper,Monophyletic
SS14-w,1954.58205132665,1927.80453098894,1973.74693089877,0.977435018566124
SS14,1834.92152027815,1729.4503841027,1912.34002855314,0.981005427020851
Nichols,1625.48180313083,1485.25041931244,1757.73932360788,0.971151099685804
TPA,1339.116060401,1117.16348044594,1515.99225031127,0.976578120536989
TPE,1488.77740626018,1376.73044035601,1570.28123799362,0.969437303627535
TPE/TEN,472.192459958259,-371.678859440859,1110.10447579448,0.962582119394459
