Sample,Median,HPD lower,HPD upper,Pre-Columbian
133,1663.71720644175,1600.0003810533,1780.21542408126,0
PD28,1713.00737007599,1666.06870258659,1777.65735400827,0
SJ219,1535.41485238392,1440.71807146474,1632.45527061535,0.278063410454156
CHS119,1609.08794034913,1547.06989159066,1629.9854733013,0.00542702085118538
